name,value
diff_orig_12mo,0.1494382998122239
pvalue_12mo,0.0
diff_orig_36mo,0.08447889418328247
pvalue_36mo,0.0
